{
  "907": {
    "data": {
      "name": "City69",
      "id": "907",
      "state": "State"
    },
    "lamportClock": 816,
    "lastUpdateTime": 1730521037291
  },
  "908": {
    "data": {
      "name": "City86",
      "id": "908",
      "state": "State"
    },
    "lamportClock": 925,
    "lastUpdateTime": 1730521037353
  },
  "2": {
    "data": {
      "name": "City99",
      "id": "2",
      "state": "State"
    },
    "lamportClock": 1119,
    "lastUpdateTime": 1730521037563
  },
  "920": {
    "data": {
      "name": "City0",
      "id": "920",
      "state": "State"
    },
    "lamportClock": 943,
    "lastUpdateTime": 1730521037359
  },
  "921": {
    "data": {
      "name": "City2",
      "id": "921",
      "state": "State"
    },
    "lamportClock": 868,
    "lastUpdateTime": 1730521037313
  },
  "923": {
    "data": {
      "name": "City86",
      "id": "923",
      "state": "State"
    },
    "lamportClock": 1119,
    "lastUpdateTime": 1730521037563
  },
  "925": {
    "data": {
      "name": "City78",
      "id": "925",
      "state": "State"
    },
    "lamportClock": 899,
    "lastUpdateTime": 1730521037346
  },
  "805": {
    "data": {
      "name": "City82",
      "id": "805",
      "state": "State"
    },
    "lamportClock": 1119,
    "lastUpdateTime": 1730521037563
  },
  "806": {
    "data": {
      "name": "City61",
      "id": "806",
      "state": "State"
    },
    "lamportClock": 842,
    "lastUpdateTime": 1730521037306
  },
  "808": {
    "data": {
      "name": "City64",
      "id": "808",
      "state": "State"
    },
    "lamportClock": 844,
    "lastUpdateTime": 1730521037306
  },
  "809": {
    "data": {
      "name": "City72",
      "id": "809",
      "state": "State"
    },
    "lamportClock": 1035,
    "lastUpdateTime": 1730521037470
  },
  "813": {
    "data": {
      "name": "City79",
      "id": "813",
      "state": "State"
    },
    "lamportClock": 911,
    "lastUpdateTime": 1730521037348
  },
  "935": {
    "data": {
      "name": "City39",
      "id": "935",
      "state": "State"
    },
    "lamportClock": 1035,
    "lastUpdateTime": 1730521037477
  },
  "815": {
    "data": {
      "name": "City61",
      "id": "815",
      "state": "State"
    },
    "lamportClock": 816,
    "lastUpdateTime": 1730521037290
  },
  "817": {
    "data": {
      "name": "City56",
      "id": "817",
      "state": "State"
    },
    "lamportClock": 932,
    "lastUpdateTime": 1730521037355
  },
  "818": {
    "data": {
      "name": "City57",
      "id": "818",
      "state": "State"
    },
    "lamportClock": 947,
    "lastUpdateTime": 1730521037359
  },
  "940": {
    "data": {
      "name": "City33",
      "id": "940",
      "state": "State"
    },
    "lamportClock": 994,
    "lastUpdateTime": 1730521037427
  },
  "941": {
    "data": {
      "name": "City14",
      "id": "941",
      "state": "State"
    },
    "lamportClock": 958,
    "lastUpdateTime": 1730521037363
  },
  "822": {
    "data": {
      "name": "City9",
      "id": "822",
      "state": "State"
    },
    "lamportClock": 817,
    "lastUpdateTime": 1730521037296
  },
  "701": {
    "data": {
      "name": "City25",
      "id": "701",
      "state": "State"
    },
    "lamportClock": 1182,
    "lastUpdateTime": 1730521037629
  },
  "946": {
    "data": {
      "name": "City79",
      "id": "946",
      "state": "State"
    },
    "lamportClock": 852,
    "lastUpdateTime": 1730521037308
  },
  "710": {
    "data": {
      "name": "City27",
      "id": "710",
      "state": "State"
    },
    "lamportClock": 1133,
    "lastUpdateTime": 1730521037572
  },
  "957": {
    "data": {
      "name": "City1",
      "id": "957",
      "state": "State"
    },
    "lamportClock": 816,
    "lastUpdateTime": 1730521037269
  },
  "960": {
    "data": {
      "name": "City81",
      "id": "960",
      "state": "State"
    },
    "lamportClock": 896,
    "lastUpdateTime": 1730521037345
  },
  "600": {
    "data": {
      "name": "City37",
      "id": "600",
      "state": "State"
    },
    "lamportClock": 1035,
    "lastUpdateTime": 1730521037468
  },
  "843": {
    "data": {
      "name": "City26",
      "id": "843",
      "state": "State"
    },
    "lamportClock": 907,
    "lastUpdateTime": 1730521037348
  },
  "966": {
    "data": {
      "name": "City11",
      "id": "966",
      "state": "State"
    },
    "lamportClock": 816,
    "lastUpdateTime": 1730521037276
  },
  "845": {
    "data": {
      "name": "City6",
      "id": "845",
      "state": "State"
    },
    "lamportClock": 1035,
    "lastUpdateTime": 1730521037469
  },
  "605": {
    "data": {
      "name": "City74",
      "id": "605",
      "state": "State"
    },
    "lamportClock": 1119,
    "lastUpdateTime": 1730521037563
  },
  "728": {
    "data": {
      "name": "City46",
      "id": "728",
      "state": "State"
    },
    "lamportClock": 1035,
    "lastUpdateTime": 1730521037472
  },
  "608": {
    "data": {
      "name": "City15",
      "id": "608",
      "state": "State"
    },
    "lamportClock": 938,
    "lastUpdateTime": 1730521037357
  },
  "971": {
    "data": {
      "name": "City1",
      "id": "971",
      "state": "State"
    },
    "lamportClock": 1035,
    "lastUpdateTime": 1730521037469
  },
  "974": {
    "data": {
      "name": "City73",
      "id": "974",
      "state": "State"
    },
    "lamportClock": 816,
    "lastUpdateTime": 1730521037277
  },
  "611": {
    "data": {
      "name": "City78",
      "id": "611",
      "state": "State"
    },
    "lamportClock": 1035,
    "lastUpdateTime": 1730521037477
  },
  "854": {
    "data": {
      "name": "City82",
      "id": "854",
      "state": "State"
    },
    "lamportClock": 928,
    "lastUpdateTime": 1730521037354
  },
  "976": {
    "data": {
      "name": "City17",
      "id": "976",
      "state": "State"
    },
    "lamportClock": 832,
    "lastUpdateTime": 1730521037304
  },
  "855": {
    "data": {
      "name": "City32",
      "id": "855",
      "state": "State"
    },
    "lamportClock": 1035,
    "lastUpdateTime": 1730521037468
  },
  "978": {
    "data": {
      "name": "City78",
      "id": "978",
      "state": "State"
    },
    "lamportClock": 994,
    "lastUpdateTime": 1730521037427
  },
  "617": {
    "data": {
      "name": "City90",
      "id": "617",
      "state": "State"
    },
    "lamportClock": 816,
    "lastUpdateTime": 1730521037271
  },
  "738": {
    "data": {
      "name": "City61",
      "id": "738",
      "state": "State"
    },
    "lamportClock": 1119,
    "lastUpdateTime": 1730521037563
  },
  "981": {
    "data": {
      "name": "City75",
      "id": "981",
      "state": "State"
    },
    "lamportClock": 1133,
    "lastUpdateTime": 1730521037572
  },
  "861": {
    "data": {
      "name": "City70",
      "id": "861",
      "state": "State"
    },
    "lamportClock": 868,
    "lastUpdateTime": 1730521037313
  },
  "741": {
    "data": {
      "name": "City36",
      "id": "741",
      "state": "State"
    },
    "lamportClock": 1182,
    "lastUpdateTime": 1730521037629
  },
  "863": {
    "data": {
      "name": "City26",
      "id": "863",
      "state": "State"
    },
    "lamportClock": 1035,
    "lastUpdateTime": 1730521037470
  },
  "985": {
    "data": {
      "name": "City48",
      "id": "985",
      "state": "State"
    },
    "lamportClock": 907,
    "lastUpdateTime": 1730521037348
  },
  "502": {
    "data": {
      "name": "City75",
      "id": "502",
      "state": "State"
    },
    "lamportClock": 859,
    "lastUpdateTime": 1730521037309
  },
  "988": {
    "data": {
      "name": "City66",
      "id": "988",
      "state": "State"
    },
    "lamportClock": 1119,
    "lastUpdateTime": 1730521037563
  },
  "748": {
    "data": {
      "name": "City69",
      "id": "748",
      "state": "State"
    },
    "lamportClock": 917,
    "lastUpdateTime": 1730521037350
  },
  "749": {
    "data": {
      "name": "City77",
      "id": "749",
      "state": "State"
    },
    "lamportClock": 1119,
    "lastUpdateTime": 1730521037563
  },
  "871": {
    "data": {
      "name": "City53",
      "id": "871",
      "state": "State"
    },
    "lamportClock": 994,
    "lastUpdateTime": 1730521037427
  },
  "510": {
    "data": {
      "name": "City79",
      "id": "510",
      "state": "State"
    },
    "lamportClock": 816,
    "lastUpdateTime": 1730521037269
  },
  "752": {
    "data": {
      "name": "City98",
      "id": "752",
      "state": "State"
    },
    "lamportClock": 1119,
    "lastUpdateTime": 1730521037563
  },
  "511": {
    "data": {
      "name": "City14",
      "id": "511",
      "state": "State"
    },
    "lamportClock": 925,
    "lastUpdateTime": 1730521037353
  },
  "753": {
    "data": {
      "name": "City32",
      "id": "753",
      "state": "State"
    },
    "lamportClock": 940,
    "lastUpdateTime": 1730521037358
  },
  "512": {
    "data": {
      "name": "City67",
      "id": "512",
      "state": "State"
    },
    "lamportClock": 816,
    "lastUpdateTime": 1730521037276
  },
  "876": {
    "data": {
      "name": "City66",
      "id": "876",
      "state": "State"
    },
    "lamportClock": 816,
    "lastUpdateTime": 1730521037275
  },
  "997": {
    "data": {
      "name": "City45",
      "id": "997",
      "state": "State"
    },
    "lamportClock": 966,
    "lastUpdateTime": 1730521037365
  },
  "635": {
    "data": {
      "name": "City88",
      "id": "635",
      "state": "State"
    },
    "lamportClock": 1035,
    "lastUpdateTime": 1730521037470
  },
  "757": {
    "data": {
      "name": "City80",
      "id": "757",
      "state": "State"
    },
    "lamportClock": 816,
    "lastUpdateTime": 1730521037273
  },
  "515": {
    "data": {
      "name": "City45",
      "id": "515",
      "state": "State"
    },
    "lamportClock": 994,
    "lastUpdateTime": 1730521037427
  },
  "516": {
    "data": {
      "name": "City9",
      "id": "516",
      "state": "State"
    },
    "lamportClock": 966,
    "lastUpdateTime": 1730521037365
  },
  "759": {
    "data": {
      "name": "City17",
      "id": "759",
      "state": "State"
    },
    "lamportClock": 1119,
    "lastUpdateTime": 1730521037563
  },
  "517": {
    "data": {
      "name": "City80",
      "id": "517",
      "state": "State"
    },
    "lamportClock": 1119,
    "lastUpdateTime": 1730521037563
  },
  "761": {
    "data": {
      "name": "City12",
      "id": "761",
      "state": "State"
    },
    "lamportClock": 816,
    "lastUpdateTime": 1730521037276
  },
  "401": {
    "data": {
      "name": "City58",
      "id": "401",
      "state": "State"
    },
    "lamportClock": 962,
    "lastUpdateTime": 1730521037364
  },
  "522": {
    "data": {
      "name": "City10",
      "id": "522",
      "state": "State"
    },
    "lamportClock": 1148,
    "lastUpdateTime": 1730521037599
  },
  "524": {
    "data": {
      "name": "City68",
      "id": "524",
      "state": "State"
    },
    "lamportClock": 1119,
    "lastUpdateTime": 1730521037564
  },
  "766": {
    "data": {
      "name": "City25",
      "id": "766",
      "state": "State"
    },
    "lamportClock": 1133,
    "lastUpdateTime": 1730521037572
  },
  "889": {
    "data": {
      "name": "City94",
      "id": "889",
      "state": "State"
    },
    "lamportClock": 1040,
    "lastUpdateTime": 1730521037484
  },
  "529": {
    "data": {
      "name": "City59",
      "id": "529",
      "state": "State"
    },
    "lamportClock": 838,
    "lastUpdateTime": 1730521037305
  },
  "650": {
    "data": {
      "name": "City12",
      "id": "650",
      "state": "State"
    },
    "lamportClock": 903,
    "lastUpdateTime": 1730521037347
  },
  "651": {
    "data": {
      "name": "City42",
      "id": "651",
      "state": "State"
    },
    "lamportClock": 1035,
    "lastUpdateTime": 1730521037470
  },
  "894": {
    "data": {
      "name": "City48",
      "id": "894",
      "state": "State"
    },
    "lamportClock": 1035,
    "lastUpdateTime": 1730521037470
  },
  "653": {
    "data": {
      "name": "City80",
      "id": "653",
      "state": "State"
    },
    "lamportClock": 822,
    "lastUpdateTime": 1730521037300
  },
  "896": {
    "data": {
      "name": "City17",
      "id": "896",
      "state": "State"
    },
    "lamportClock": 1035,
    "lastUpdateTime": 1730521037470
  },
  "775": {
    "data": {
      "name": "City9",
      "id": "775",
      "state": "State"
    },
    "lamportClock": 1035,
    "lastUpdateTime": 1730521037477
  },
  "777": {
    "data": {
      "name": "City24",
      "id": "777",
      "state": "State"
    },
    "lamportClock": 936,
    "lastUpdateTime": 1730521037357
  },
  "537": {
    "data": {
      "name": "City24",
      "id": "537",
      "state": "State"
    },
    "lamportClock": 816,
    "lastUpdateTime": 1730521037273
  },
  "541": {
    "data": {
      "name": "City82",
      "id": "541",
      "state": "State"
    },
    "lamportClock": 958,
    "lastUpdateTime": 1730521037363
  },
  "543": {
    "data": {
      "name": "City47",
      "id": "543",
      "state": "State"
    },
    "lamportClock": 852,
    "lastUpdateTime": 1730521037308
  },
  "665": {
    "data": {
      "name": "City81",
      "id": "665",
      "state": "State"
    },
    "lamportClock": 1119,
    "lastUpdateTime": 1730521037563
  },
  "424": {
    "data": {
      "name": "City56",
      "id": "424",
      "state": "State"
    },
    "lamportClock": 832,
    "lastUpdateTime": 1730521037304
  },
  "669": {
    "data": {
      "name": "City60",
      "id": "669",
      "state": "State"
    },
    "lamportClock": 896,
    "lastUpdateTime": 1730521037345
  },
  "670": {
    "data": {
      "name": "City66",
      "id": "670",
      "state": "State"
    },
    "lamportClock": 1119,
    "lastUpdateTime": 1730521037563
  },
  "792": {
    "data": {
      "name": "City2",
      "id": "792",
      "state": "State"
    },
    "lamportClock": 842,
    "lastUpdateTime": 1730521037306
  },
  "430": {
    "data": {
      "name": "City57",
      "id": "430",
      "state": "State"
    },
    "lamportClock": 856,
    "lastUpdateTime": 1730521037309
  },
  "552": {
    "data": {
      "name": "City30",
      "id": "552",
      "state": "State"
    },
    "lamportClock": 1119,
    "lastUpdateTime": 1730521037563
  },
  "674": {
    "data": {
      "name": "City67",
      "id": "674",
      "state": "State"
    },
    "lamportClock": 1035,
    "lastUpdateTime": 1730521037470
  },
  "553": {
    "data": {
      "name": "City59",
      "id": "553",
      "state": "State"
    },
    "lamportClock": 1119,
    "lastUpdateTime": 1730521037563
  },
  "312": {
    "data": {
      "name": "City25",
      "id": "312",
      "state": "State"
    },
    "lamportClock": 816,
    "lastUpdateTime": 1730521037273
  },
  "675": {
    "data": {
      "name": "City75",
      "id": "675",
      "state": "State"
    },
    "lamportClock": 1036,
    "lastUpdateTime": 1730521037478
  },
  "676": {
    "data": {
      "name": "City89",
      "id": "676",
      "state": "State"
    },
    "lamportClock": 820,
    "lastUpdateTime": 1730521037299
  },
  "555": {
    "data": {
      "name": "City28",
      "id": "555",
      "state": "State"
    },
    "lamportClock": 925,
    "lastUpdateTime": 1730521037353
  },
  "313": {
    "data": {
      "name": "City92",
      "id": "313",
      "state": "State"
    },
    "lamportClock": 1119,
    "lastUpdateTime": 1730521037563
  },
  "314": {
    "data": {
      "name": "City53",
      "id": "314",
      "state": "State"
    },
    "lamportClock": 943,
    "lastUpdateTime": 1730521037358
  },
  "315": {
    "data": {
      "name": "City76",
      "id": "315",
      "state": "State"
    },
    "lamportClock": 1119,
    "lastUpdateTime": 1730521037563
  },
  "200": {
    "data": {
      "name": "City89",
      "id": "200",
      "state": "State"
    },
    "lamportClock": 852,
    "lastUpdateTime": 1730521037308
  },
  "686": {
    "data": {
      "name": "City74",
      "id": "686",
      "state": "State"
    },
    "lamportClock": 856,
    "lastUpdateTime": 1730521037309
  },
  "445": {
    "data": {
      "name": "City38",
      "id": "445",
      "state": "State"
    },
    "lamportClock": 903,
    "lastUpdateTime": 1730521037347
  },
  "206": {
    "data": {
      "name": "City43",
      "id": "206",
      "state": "State"
    },
    "lamportClock": 1035,
    "lastUpdateTime": 1730521037469
  },
  "207": {
    "data": {
      "name": "City92",
      "id": "207",
      "state": "State"
    },
    "lamportClock": 1182,
    "lastUpdateTime": 1730521037629
  },
  "328": {
    "data": {
      "name": "City24",
      "id": "328",
      "state": "State"
    },
    "lamportClock": 949,
    "lastUpdateTime": 1730521037360
  },
  "449": {
    "data": {
      "name": "City37",
      "id": "449",
      "state": "State"
    },
    "lamportClock": 1119,
    "lastUpdateTime": 1730521037563
  },
  "570": {
    "data": {
      "name": "City16",
      "id": "570",
      "state": "State"
    },
    "lamportClock": 1035,
    "lastUpdateTime": 1730521037470
  },
  "450": {
    "data": {
      "name": "City46",
      "id": "450",
      "state": "State"
    },
    "lamportClock": 1035,
    "lastUpdateTime": 1730521037468
  },
  "451": {
    "data": {
      "name": "City70",
      "id": "451",
      "state": "State"
    },
    "lamportClock": 816,
    "lastUpdateTime": 1730521037272
  },
  "694": {
    "data": {
      "name": "City69",
      "id": "694",
      "state": "State"
    },
    "lamportClock": 1035,
    "lastUpdateTime": 1730521037471
  },
  "453": {
    "data": {
      "name": "City22",
      "id": "453",
      "state": "State"
    },
    "lamportClock": 1035,
    "lastUpdateTime": 1730521037469
  },
  "332": {
    "data": {
      "name": "City68",
      "id": "332",
      "state": "State"
    },
    "lamportClock": 1119,
    "lastUpdateTime": 1730521037563
  },
  "574": {
    "data": {
      "name": "City82",
      "id": "574",
      "state": "State"
    },
    "lamportClock": 1119,
    "lastUpdateTime": 1730521037563
  },
  "212": {
    "data": {
      "name": "City54",
      "id": "212",
      "state": "State"
    },
    "lamportClock": 1035,
    "lastUpdateTime": 1730521037470
  },
  "213": {
    "data": {
      "name": "City42",
      "id": "213",
      "state": "State"
    },
    "lamportClock": 962,
    "lastUpdateTime": 1730521037364
  },
  "215": {
    "data": {
      "name": "City96",
      "id": "215",
      "state": "State"
    },
    "lamportClock": 852,
    "lastUpdateTime": 1730521037308
  },
  "699": {
    "data": {
      "name": "City41",
      "id": "699",
      "state": "State"
    },
    "lamportClock": 1153,
    "lastUpdateTime": 1730521037612
  },
  "219": {
    "data": {
      "name": "City43",
      "id": "219",
      "state": "State"
    },
    "lamportClock": 1119,
    "lastUpdateTime": 1730521037563
  },
  "460": {
    "data": {
      "name": "City46",
      "id": "460",
      "state": "State"
    },
    "lamportClock": 928,
    "lastUpdateTime": 1730521037355
  },
  "582": {
    "data": {
      "name": "City87",
      "id": "582",
      "state": "State"
    },
    "lamportClock": 1119,
    "lastUpdateTime": 1730521037563
  },
  "221": {
    "data": {
      "name": "City62",
      "id": "221",
      "state": "State"
    },
    "lamportClock": 947,
    "lastUpdateTime": 1730521037359
  },
  "343": {
    "data": {
      "name": "City56",
      "id": "343",
      "state": "State"
    },
    "lamportClock": 992,
    "lastUpdateTime": 1730521037426
  },
  "101": {
    "data": {
      "name": "City24",
      "id": "101",
      "state": "State"
    },
    "lamportClock": 1035,
    "lastUpdateTime": 1730521037470
  },
  "585": {
    "data": {
      "name": "City55",
      "id": "585",
      "state": "State"
    },
    "lamportClock": 1133,
    "lastUpdateTime": 1730521037572
  },
  "223": {
    "data": {
      "name": "City72",
      "id": "223",
      "state": "State"
    },
    "lamportClock": 1035,
    "lastUpdateTime": 1730521037472
  },
  "587": {
    "data": {
      "name": "City55",
      "id": "587",
      "state": "State"
    },
    "lamportClock": 859,
    "lastUpdateTime": 1730521037309
  },
  "466": {
    "data": {
      "name": "City15",
      "id": "466",
      "state": "State"
    },
    "lamportClock": 1119,
    "lastUpdateTime": 1730521037563
  },
  "346": {
    "data": {
      "name": "City12",
      "id": "346",
      "state": "State"
    },
    "lamportClock": 994,
    "lastUpdateTime": 1730521037427
  },
  "589": {
    "data": {
      "name": "City26",
      "id": "589",
      "state": "State"
    },
    "lamportClock": 1035,
    "lastUpdateTime": 1730521037468
  },
  "227": {
    "data": {
      "name": "City20",
      "id": "227",
      "state": "State"
    },
    "lamportClock": 1035,
    "lastUpdateTime": 1730521037469
  },
  "470": {
    "data": {
      "name": "City41",
      "id": "470",
      "state": "State"
    },
    "lamportClock": 1119,
    "lastUpdateTime": 1730521037563
  },
  "593": {
    "data": {
      "name": "City37",
      "id": "593",
      "state": "State"
    },
    "lamportClock": 1035,
    "lastUpdateTime": 1730521037469
  },
  "232": {
    "data": {
      "name": "City31",
      "id": "232",
      "state": "State"
    },
    "lamportClock": 816,
    "lastUpdateTime": 1730521037276
  },
  "474": {
    "data": {
      "name": "City72",
      "id": "474",
      "state": "State"
    },
    "lamportClock": 1119,
    "lastUpdateTime": 1730521037563
  },
  "234": {
    "data": {
      "name": "City34",
      "id": "234",
      "state": "State"
    },
    "lamportClock": 1035,
    "lastUpdateTime": 1730521037470
  },
  "235": {
    "data": {
      "name": "City84",
      "id": "235",
      "state": "State"
    },
    "lamportClock": 932,
    "lastUpdateTime": 1730521037355
  },
  "478": {
    "data": {
      "name": "City30",
      "id": "478",
      "state": "State"
    },
    "lamportClock": 816,
    "lastUpdateTime": 1730521037275
  },
  "237": {
    "data": {
      "name": "City62",
      "id": "237",
      "state": "State"
    },
    "lamportClock": 1133,
    "lastUpdateTime": 1730521037572
  },
  "238": {
    "data": {
      "name": "City46",
      "id": "238",
      "state": "State"
    },
    "lamportClock": 953,
    "lastUpdateTime": 1730521037362
  },
  "480": {
    "data": {
      "name": "City38",
      "id": "480",
      "state": "State"
    },
    "lamportClock": 838,
    "lastUpdateTime": 1730521037305
  },
  "361": {
    "data": {
      "name": "City72",
      "id": "361",
      "state": "State"
    },
    "lamportClock": 932,
    "lastUpdateTime": 1730521037355
  },
  "124": {
    "data": {
      "name": "City55",
      "id": "124",
      "state": "State"
    },
    "lamportClock": 1035,
    "lastUpdateTime": 1730521037468
  },
  "126": {
    "data": {
      "name": "City10",
      "id": "126",
      "state": "State"
    },
    "lamportClock": 1035,
    "lastUpdateTime": 1730521037468
  },
  "128": {
    "data": {
      "name": "City20",
      "id": "128",
      "state": "State"
    },
    "lamportClock": 1119,
    "lastUpdateTime": 1730521037563
  },
  "129": {
    "data": {
      "name": "City28",
      "id": "129",
      "state": "State"
    },
    "lamportClock": 1119,
    "lastUpdateTime": 1730521037563
  },
  "21": {
    "data": {
      "name": "City27",
      "id": "21",
      "state": "State"
    },
    "lamportClock": 1035,
    "lastUpdateTime": 1730521037469
  },
  "24": {
    "data": {
      "name": "City96",
      "id": "24",
      "state": "State"
    },
    "lamportClock": 1149,
    "lastUpdateTime": 1730521037605
  },
  "26": {
    "data": {
      "name": "City18",
      "id": "26",
      "state": "State"
    },
    "lamportClock": 958,
    "lastUpdateTime": 1730521037363
  },
  "493": {
    "data": {
      "name": "City37",
      "id": "493",
      "state": "State"
    },
    "lamportClock": 1148,
    "lastUpdateTime": 1730521037599
  },
  "130": {
    "data": {
      "name": "City66",
      "id": "130",
      "state": "State"
    },
    "lamportClock": 994,
    "lastUpdateTime": 1730521037427
  },
  "373": {
    "data": {
      "name": "City48",
      "id": "373",
      "state": "State"
    },
    "lamportClock": 1038,
    "lastUpdateTime": 1730521037483
  },
  "253": {
    "data": {
      "name": "City6",
      "id": "253",
      "state": "State"
    },
    "lamportClock": 1035,
    "lastUpdateTime": 1730521037467
  },
  "254": {
    "data": {
      "name": "City12",
      "id": "254",
      "state": "State"
    },
    "lamportClock": 1035,
    "lastUpdateTime": 1730521037477
  },
  "376": {
    "data": {
      "name": "City75",
      "id": "376",
      "state": "State"
    },
    "lamportClock": 907,
    "lastUpdateTime": 1730521037348
  },
  "257": {
    "data": {
      "name": "City24",
      "id": "257",
      "state": "State"
    },
    "lamportClock": 966,
    "lastUpdateTime": 1730521037365
  },
  "259": {
    "data": {
      "name": "City87",
      "id": "259",
      "state": "State"
    },
    "lamportClock": 887,
    "lastUpdateTime": 1730521037336
  },
  "382": {
    "data": {
      "name": "City69",
      "id": "382",
      "state": "State"
    },
    "lamportClock": 1035,
    "lastUpdateTime": 1730521037469
  },
  "144": {
    "data": {
      "name": "City34",
      "id": "144",
      "state": "State"
    },
    "lamportClock": 911,
    "lastUpdateTime": 1730521037348
  },
  "145": {
    "data": {
      "name": "City22",
      "id": "145",
      "state": "State"
    },
    "lamportClock": 1119,
    "lastUpdateTime": 1730521037563
  },
  "389": {
    "data": {
      "name": "City40",
      "id": "389",
      "state": "State"
    },
    "lamportClock": 1035,
    "lastUpdateTime": 1730521037471
  },
  "147": {
    "data": {
      "name": "City67",
      "id": "147",
      "state": "State"
    },
    "lamportClock": 1135,
    "lastUpdateTime": 1730521037574
  },
  "49": {
    "data": {
      "name": "City58",
      "id": "49",
      "state": "State"
    },
    "lamportClock": 936,
    "lastUpdateTime": 1730521037357
  },
  "395": {
    "data": {
      "name": "City26",
      "id": "395",
      "state": "State"
    },
    "lamportClock": 869,
    "lastUpdateTime": 1730521037314
  },
  "153": {
    "data": {
      "name": "City4",
      "id": "153",
      "state": "State"
    },
    "lamportClock": 1035,
    "lastUpdateTime": 1730521037472
  },
  "397": {
    "data": {
      "name": "City1",
      "id": "397",
      "state": "State"
    },
    "lamportClock": 1035,
    "lastUpdateTime": 1730521037468
  },
  "276": {
    "data": {
      "name": "City19",
      "id": "276",
      "state": "State"
    },
    "lamportClock": 1035,
    "lastUpdateTime": 1730521037472
  },
  "277": {
    "data": {
      "name": "City82",
      "id": "277",
      "state": "State"
    },
    "lamportClock": 1135,
    "lastUpdateTime": 1730521037574
  },
  "279": {
    "data": {
      "name": "City86",
      "id": "279",
      "state": "State"
    },
    "lamportClock": 1035,
    "lastUpdateTime": 1730521037471
  },
  "51": {
    "data": {
      "name": "City65",
      "id": "51",
      "state": "State"
    },
    "lamportClock": 994,
    "lastUpdateTime": 1730521037426
  },
  "160": {
    "data": {
      "name": "City79",
      "id": "160",
      "state": "State"
    },
    "lamportClock": 1035,
    "lastUpdateTime": 1730521037467
  },
  "164": {
    "data": {
      "name": "City91",
      "id": "164",
      "state": "State"
    },
    "lamportClock": 816,
    "lastUpdateTime": 1730521037277
  },
  "287": {
    "data": {
      "name": "City40",
      "id": "287",
      "state": "State"
    },
    "lamportClock": 856,
    "lastUpdateTime": 1730521037309
  },
  "60": {
    "data": {
      "name": "City82",
      "id": "60",
      "state": "State"
    },
    "lamportClock": 962,
    "lastUpdateTime": 1730521037364
  },
  "65": {
    "data": {
      "name": "City57",
      "id": "65",
      "state": "State"
    },
    "lamportClock": 893,
    "lastUpdateTime": 1730521037344
  },
  "296": {
    "data": {
      "name": "City58",
      "id": "296",
      "state": "State"
    },
    "lamportClock": 1135,
    "lastUpdateTime": 1730521037574
  },
  "297": {
    "data": {
      "name": "City68",
      "id": "297",
      "state": "State"
    },
    "lamportClock": 919,
    "lastUpdateTime": 1730521037351
  },
  "177": {
    "data": {
      "name": "City22",
      "id": "177",
      "state": "State"
    },
    "lamportClock": 1133,
    "lastUpdateTime": 1730521037572
  },
  "72": {
    "data": {
      "name": "City87",
      "id": "72",
      "state": "State"
    },
    "lamportClock": 1135,
    "lastUpdateTime": 1730521037574
  },
  "78": {
    "data": {
      "name": "City5",
      "id": "78",
      "state": "State"
    },
    "lamportClock": 1182,
    "lastUpdateTime": 1730521037629
  },
  "185": {
    "data": {
      "name": "City29",
      "id": "185",
      "state": "State"
    },
    "lamportClock": 817,
    "lastUpdateTime": 1730521037297
  },
  "188": {
    "data": {
      "name": "City81",
      "id": "188",
      "state": "State"
    },
    "lamportClock": 958,
    "lastUpdateTime": 1730521037363
  },
  "82": {
    "data": {
      "name": "City34",
      "id": "82",
      "state": "State"
    },
    "lamportClock": 1119,
    "lastUpdateTime": 1730521037564
  },
  "89": {
    "data": {
      "name": "City40",
      "id": "89",
      "state": "State"
    },
    "lamportClock": 1035,
    "lastUpdateTime": 1730521037470
  },
  "193": {
    "data": {
      "name": "City34",
      "id": "193",
      "state": "State"
    },
    "lamportClock": 899,
    "lastUpdateTime": 1730521037346
  },
  "195": {
    "data": {
      "name": "City16",
      "id": "195",
      "state": "State"
    },
    "lamportClock": 903,
    "lastUpdateTime": 1730521037347
  },
  "199": {
    "data": {
      "name": "City3",
      "id": "199",
      "state": "State"
    },
    "lamportClock": 911,
    "lastUpdateTime": 1730521037348
  },
  "91": {
    "data": {
      "name": "City26",
      "id": "91",
      "state": "State"
    },
    "lamportClock": 1119,
    "lastUpdateTime": 1730521037563
  },
  "906": {
    "data": {
      "name": "City54",
      "id": "906",
      "state": "State\"\n    }",
      "907": "{\n    \"data\": {\n      \"name\": \"City69",
      "908": "{\n    \"data\": {\n      \"name\": \"City86",
      "89": "{\n    \"data\": {\n      \"name\": \"City40",
      "193": "{\n    \"data\": {\n      \"name\": \"City34",
      "195": "{\n    \"data\": {\n      \"name\": \"City16",
      "470": "{\n    \"data\": {\n      \"name\": \"City41",
      "593": "{\n    \"data\": {\n      \"name\": \"City37",
      "232": "{\n    \"data\": {\n      \"name\": \"City31",
      "199": "{\n    \"data\": {\n      \"name\": \"City3",
      "474": "{\n    \"data\": {\n      \"name\": \"City72",
      "871": "{\n    \"data\": {\n      \"name\": \"City53",
      "234": "{\n    \"data\": {\n      \"name\": \"City34",
      "510": "{\n    \"data\": {\n      \"name\": \"City79",
      "235": "{\n    \"data\": {\n      \"name\": \"City84",
      "752": "{\n    \"data\": {\n      \"name\": \"City98",
      "478": "{\n    \"data\": {\n      \"name\": \"City30",
      "511": "{\n    \"data\": {\n      \"name\": \"City14",
      "753": "{\n    \"data\": {\n      \"name\": \"City32",
      "512": "{\n    \"data\": {\n      \"name\": \"City67",
      "237": "{\n    \"data\": {\n      \"name\": \"City62",
      "876": "{\n    \"data\": {\n      \"name\": \"City66",
      "238": "{\n    \"data\": {\n      \"name\": \"City46",
      "997": "{\n    \"data\": {\n      \"name\": \"City45",
      "635": "{\n    \"data\": {\n      \"name\": \"City88",
      "91": "{\n    \"data\": {\n      \"name\": \"City26",
      "757": "{\n    \"data\": {\n      \"name\": \"City80",
      "515": "{\n    \"data\": {\n      \"name\": \"City45",
      "516": "{\n    \"data\": {\n      \"name\": \"City9",
      "759": "{\n    \"data\": {\n      \"name\": \"City17",
      "517": "{\n    \"data\": {\n      \"name\": \"City80",
      "480": "{\n    \"data\": {\n      \"name\": \"City38",
      "361": "{\n    \"data\": {\n      \"name\": \"City72",
      "761": "{\n    \"data\": {\n      \"name\": \"City12",
      "2": "{\n    \"data\": {\n      \"name\": \"City99",
      "124": "{\n    \"data\": {\n      \"name\": \"City55",
      "401": "{\n    \"data\": {\n      \"name\": \"City58",
      "126": "{\n    \"data\": {\n      \"name\": \"City10",
      "522": "{\n    \"data\": {\n      \"name\": \"City10",
      "920": "{\n    \"data\": {\n      \"name\": \"City0",
      "128": "{\n    \"data\": {\n      \"name\": \"City20",
      "524": "{\n    \"data\": {\n      \"name\": \"City68",
      "766": "{\n    \"data\": {\n      \"name\": \"City25",
      "921": "{\n    \"data\": {\n      \"name\": \"City2",
      "129": "{\n    \"data\": {\n      \"name\": \"City28",
      "889": "{\n    \"data\": {\n      \"name\": \"City94",
      "923": "{\n    \"data\": {\n      \"name\": \"City86",
      "529": "{\n    \"data\": {\n      \"name\": \"City59",
      "925": "{\n    \"data\": {\n      \"name\": \"City78",
      "805": "{\n    \"data\": {\n      \"name\": \"City82",
      "806": "{\n    \"data\": {\n      \"name\": \"City61",
      "21": "{\n    \"data\": {\n      \"name\": \"City27",
      "808": "{\n    \"data\": {\n      \"name\": \"City64",
      "809": "{\n    \"data\": {\n      \"name\": \"City72",
      "24": "{\n    \"data\": {\n      \"name\": \"City96",
      "26": "{\n    \"data\": {\n      \"name\": \"City18",
      "493": "{\n    \"data\": {\n      \"name\": \"City37",
      "130": "{\n    \"data\": {\n      \"name\": \"City66",
      "373": "{\n    \"data\": {\n      \"name\": \"City48",
      "253": "{\n    \"data\": {\n      \"name\": \"City6",
      "650": "{\n    \"data\": {\n      \"name\": \"City12",
      "254": "{\n    \"data\": {\n      \"name\": \"City12",
      "376": "{\n    \"data\": {\n      \"name\": \"City75",
      "651": "{\n    \"data\": {\n      \"name\": \"City42",
      "894": "{\n    \"data\": {\n      \"name\": \"City48",
      "653": "{\n    \"data\": {\n      \"name\": \"City80",
      "257": "{\n    \"data\": {\n      \"name\": \"City24",
      "896": "{\n    \"data\": {\n      \"name\": \"City17",
      "775": "{\n    \"data\": {\n      \"name\": \"City9",
      "259": "{\n    \"data\": {\n      \"name\": \"City87",
      "777": "{\n    \"data\": {\n      \"name\": \"City24",
      "537": "{\n    \"data\": {\n      \"name\": \"City24",
      "813": "{\n    \"data\": {\n      \"name\": \"City79",
      "935": "{\n    \"data\": {\n      \"name\": \"City39",
      "815": "{\n    \"data\": {\n      \"name\": \"City61",
      "817": "{\n    \"data\": {\n      \"name\": \"City56",
      "818": "{\n    \"data\": {\n      \"name\": \"City57",
      "382": "{\n    \"data\": {\n      \"name\": \"City69",
      "144": "{\n    \"data\": {\n      \"name\": \"City34",
      "541": "{\n    \"data\": {\n      \"name\": \"City82",
      "145": "{\n    \"data\": {\n      \"name\": \"City22",
      "543": "{\n    \"data\": {\n      \"name\": \"City47",
      "389": "{\n    \"data\": {\n      \"name\": \"City40",
      "147": "{\n    \"data\": {\n      \"name\": \"City67",
      "940": "{\n    \"data\": {\n      \"name\": \"City33",
      "665": "{\n    \"data\": {\n      \"name\": \"City81",
      "424": "{\n    \"data\": {\n      \"name\": \"City56",
      "941": "{\n    \"data\": {\n      \"name\": \"City14",
      "822": "{\n    \"data\": {\n      \"name\": \"City9",
      "701": "{\n    \"data\": {\n      \"name\": \"City25",
      "669": "{\n    \"data\": {\n      \"name\": \"City60",
      "946": "{\n    \"data\": {\n      \"name\": \"City79",
      "49": "{\n    \"data\": {\n      \"name\": \"City58",
      "395": "{\n    \"data\": {\n      \"name\": \"City26",
      "153": "{\n    \"data\": {\n      \"name\": \"City4",
      "670": "{\n    \"data\": {\n      \"name\": \"City66",
      "792": "{\n    \"data\": {\n      \"name\": \"City2",
      "430": "{\n    \"data\": {\n      \"name\": \"City57",
      "397": "{\n    \"data\": {\n      \"name\": \"City1",
      "276": "{\n    \"data\": {\n      \"name\": \"City19",
      "277": "{\n    \"data\": {\n      \"name\": \"City82",
      "552": "{\n    \"data\": {\n      \"name\": \"City30",
      "674": "{\n    \"data\": {\n      \"name\": \"City67",
      "553": "{\n    \"data\": {\n      \"name\": \"City59",
      "312": "{\n    \"data\": {\n      \"name\": \"City25",
      "279": "{\n    \"data\": {\n      \"name\": \"City86",
      "675": "{\n    \"data\": {\n      \"name\": \"City75",
      "676": "{\n    \"data\": {\n      \"name\": \"City89",
      "555": "{\n    \"data\": {\n      \"name\": \"City28",
      "313": "{\n    \"data\": {\n      \"name\": \"City92",
      "314": "{\n    \"data\": {\n      \"name\": \"City53",
      "710": "{\n    \"data\": {\n      \"name\": \"City27",
      "315": "{\n    \"data\": {\n      \"name\": \"City76",
      "957": "{\n    \"data\": {\n      \"name\": \"City1",
      "51": "{\n    \"data\": {\n      \"name\": \"City65",
      "160": "{\n    \"data\": {\n      \"name\": \"City79",
      "164": "{\n    \"data\": {\n      \"name\": \"City91",
      "287": "{\n    \"data\": {\n      \"name\": \"City40",
      "200": "{\n    \"data\": {\n      \"name\": \"City89",
      "960": "{\n    \"data\": {\n      \"name\": \"City81",
      "686": "{\n    \"data\": {\n      \"name\": \"City74",
      "445": "{\n    \"data\": {\n      \"name\": \"City38",
      "600": "{\n    \"data\": {\n      \"name\": \"City37",
      "843": "{\n    \"data\": {\n      \"name\": \"City26",
      "lamportClock": "817",
      "206": "{\n    \"data\": {\n      \"name\": \"City43",
      "966": "{\n    \"data\": {\n      \"name\": \"City11",
      "207": "{\n    \"data\": {\n      \"name\": \"City92",
      "328": "{\n    \"data\": {\n      \"name\": \"City24",
      "845": "{\n    \"data\": {\n      \"name\": \"City6",
      "449": "{\n    \"data\": {\n      \"name\": \"City37",
      "60": "{\n    \"data\": {\n      \"name\": \"City82",
      "605": "{\n    \"data\": {\n      \"name\": \"City74",
      "728": "{\n    \"data\": {\n      \"name\": \"City46",
      "608": "{\n    \"data\": {\n      \"name\": \"City15",
      "lastUpdateTime": "1730521037297\n  }",
      "65": "{\n    \"data\": {\n      \"name\": \"City57",
      "570": "{\n    \"data\": {\n      \"name\": \"City16",
      "450": "{\n    \"data\": {\n      \"name\": \"City46",
      "296": "{\n    \"data\": {\n      \"name\": \"City58",
      "451": "{\n    \"data\": {\n      \"name\": \"City70",
      "297": "{\n    \"data\": {\n      \"name\": \"City68",
      "694": "{\n    \"data\": {\n      \"name\": \"City69",
      "177": "{\n    \"data\": {\n      \"name\": \"City22",
      "453": "{\n    \"data\": {\n      \"name\": \"City22",
      "332": "{\n    \"data\": {\n      \"name\": \"City68",
      "574": "{\n    \"data\": {\n      \"name\": \"City82",
      "971": "{\n    \"data\": {\n      \"name\": \"City1",
      "212": "{\n    \"data\": {\n      \"name\": \"City54",
      "213": "{\n    \"data\": {\n      \"name\": \"City42",
      "974": "{\n    \"data\": {\n      \"name\": \"City73",
      "215": "{\n    \"data\": {\n      \"name\": \"City96",
      "611": "{\n    \"data\": {\n      \"name\": \"City78",
      "699": "{\n    \"data\": {\n      \"name\": \"City41",
      "854": "{\n    \"data\": {\n      \"name\": \"City82",
      "976": "{\n    \"data\": {\n      \"name\": \"City17",
      "855": "{\n    \"data\": {\n      \"name\": \"City32",
      "978": "{\n    \"data\": {\n      \"name\": \"City78",
      "219": "{\n    \"data\": {\n      \"name\": \"City43",
      "72": "{\n    \"data\": {\n      \"name\": \"City87",
      "617": "{\n    \"data\": {\n      \"name\": \"City90",
      "738": "{\n    \"data\": {\n      \"name\": \"City61",
      "78": "{\n    \"data\": {\n      \"name\": \"City5",
      "185": "{\n    \"data\": {\n      \"name\": \"City29",
      "460": "{\n    \"data\": {\n      \"name\": \"City46",
      "582": "{\n    \"data\": {\n      \"name\": \"City87",
      "221": "{\n    \"data\": {\n      \"name\": \"City62",
      "188": "{\n    \"data\": {\n      \"name\": \"City81",
      "343": "{\n    \"data\": {\n      \"name\": \"City56",
      "101": "{\n    \"data\": {\n      \"name\": \"City24",
      "585": "{\n    \"data\": {\n      \"name\": \"City55",
      "981": "{\n    \"data\": {\n      \"name\": \"City75",
      "223": "{\n    \"data\": {\n      \"name\": \"City72",
      "861": "{\n    \"data\": {\n      \"name\": \"City70",
      "587": "{\n    \"data\": {\n      \"name\": \"City55",
      "466": "{\n    \"data\": {\n      \"name\": \"City15",
      "741": "{\n    \"data\": {\n      \"name\": \"City36",
      "346": "{\n    \"data\": {\n      \"name\": \"City12",
      "863": "{\n    \"data\": {\n      \"name\": \"City26",
      "985": "{\n    \"data\": {\n      \"name\": \"City48",
      "589": "{\n    \"data\": {\n      \"name\": \"City26",
      "502": "{\n    \"data\": {\n      \"name\": \"City75",
      "227": "{\n    \"data\": {\n      \"name\": \"City20",
      "988": "{\n    \"data\": {\n      \"name\": \"City66",
      "82": "{\n    \"data\": {\n      \"name\": \"City34",
      "748": "{\n    \"data\": {\n      \"name\": \"City69",
      "749": "{\n    \"data\": {\n      \"name\": \"City77",
      "906": "{\n    \"data\": {\n      \"name\": \"City54"
    },
    "lamportClock": 456,
    "lastUpdateTime": 1730524101848
  }
}